dataset,short,task,set,objective,merge_outputs,sweep,n_finished_runs,best_run,best_run_id,published_fst_f1,best_run_by_conditional,best_run_by_conditional_id,conditional_pick_differs,test_f1,test_cer,eval_f1,eval_cer,test_accepted,num_states,num_forward_states,num_backward_states,output_table_size,product_upper_bound,error_total,test_error_total,error_forward,test_error_forward,error_backward,test_error_backward,error_output,test_error_output,serialization_error
histnorm/deu,deu,histnorm,A,bimachine,right,deu.deu.bimachine.right,25,cerulean-sweep-22,x57e3mo2,0.214,cerulean-sweep-22,x57e3mo2,False,0.2149,0.7279873417096973,0.2960446493569522,0.6381180004564937,0.2791,,24837,24340,60973,604532580,5190,7209,5139,7144,35,50,16,15,
histnorm/deu,deu,histnorm,A,transduction,right,deu.deu.transduction.right,25,absurd-sweep-9,wbzwnrtb,0.214,absurd-sweep-9,wbzwnrtb,False,0.2027,0.10368880581656424,0.22979859257461785,0.10080308611418412,1,3963,,,,,,,,,,,,,
g2p/dut,dut,g2p,B,bimachine,right,g2p.dut.bimachine.right,25,electric-sweep-13,yj614phc,0.149,fragrant-sweep-1,15uroeyq,True,0.0022222222222222222,0.9977777777777778,0.0044444444444444444,0.9955555555555556,0.0022222222222222222,,3869,3964,28257,15336716,448,449,368,376,37,31,43,42,
g2p/fre,fre,g2p,B,bimachine,right,g2p.fre.bimachine.right,25,peachy-sweep-9,6okg216x,0.2,glamorous-sweep-12,x7z81r2w,True,0.09555555555555556,0.9002558479532164,0.08888888888888889,0.9090196078431372,0.1,,370,428,14263,158360,409,405,101,95,58,41,250,269,
g2p/geo,geo,g2p,A,bimachine,right,g2p.geo.bimachine.right,25,revived-sweep-13,jtdov1jn,0.596,elated-sweep-3,qtgttq8v,True,0.1288888888888889,0.8044109454547498,0.13777777777777778,0.7721772710915978,0.2,,106,123,10664,13038,345,360,32,38,45,36,268,286,
g2p/geo,geo,g2p,A,transduction,right,g2p.geo.transduction.right,25,zesty-sweep-20,omo4wrv4,0.596,zesty-sweep-20,omo4wrv4,False,0.2066666666666667,0.29260343659022126,0.24222222222222223,0.27991510598182523,1,1906,,,,,,,,,,,,,
histnorm/isl,isl,histnorm,B,bimachine,right,isl.isl.bimachine.right,25,comfy-sweep-12,612l6w9n,0.507,apricot-sweep-3,yhqjvxu7,True,0.5566801619433198,0.29343477494569215,0.5526104417670683,0.2977591180483395,0.7218623481781377,,32105,31497,78155,1011211185,703,687,693,680,7,5,3,2,
histnorm/spa,spa,histnorm,B,bimachine,right,spa.spa.bimachine.right,25,silvery-sweep-21,1wofy6ko,0.646,expert-sweep-14,76z11gpe,True,0.6129568106312292,0.17269956357586574,0.5893186003683242,0.17392719536630974,0.8496677740863787,,68,72,7466,4896,161,181,15,22,14,24,132,135,
histnorm/swe,swe,histnorm,A,bimachine,right,swe.swe.bimachine.right,25,toasty-sweep-2,asew5y0m,0.579,breezy-sweep-24,vtpwgb88,True,0.3134920634920635,0.6615211393252591,0.5527522935779816,0.4326491635336467,0.3408521303258145,,36731,36561,77028,1342922091,564,6312,564,6284,,26,,2,
histnorm/swe,swe,histnorm,A,transduction,right,swe.swe.transduction.right,25,graceful-sweep-23,ixkrz244,0.579,graceful-sweep-23,ixkrz244,False,0.556390977443609,0.04059804966131904,0.6307339449541285,0.03328149695696349,1,3334,,,,,,,,,,,,,
